<<<<<<< Updated upstream,,,,
1/8/2025 23:23,2,2,0,4
1/8/2025 23:40,2,2,0,4
1/8/2025 23:43,2,2,0,4
1/8/2025 23:55,2,2,0,4
1/8/2025 23:58,2,2,0,4
1/8/2026 0:15,2,2,0,4
1/8/2026 0:29,2,2,0,4
1/8/2026 0:47,2,2,0,4
1/8/2026 0:58,0,0,0,0
1/8/2026 0:59,2,2,0,4
1/8/2026 1:00,0,0,0,0
1/8/2026 1:03,2,2,0,4
1/8/2026 1:14,0,0,0,0
1/8/2026 1:19,1,2,1,4
1/8/2026 1:20,1,3,0,4
1/8/2026 1:28,2,2,0,4
1/8/2026 1:29,0,0,0,0
1/8/2026 1:36,2,2,0,4
1/8/2026 1:46,0,0,0,0
1/8/2026 1:53,2,2,0,4
1/8/2026 1:54,0,0,0,0
1/8/2026 1:55,2,2,0,4
1/8/2026 2:02,0,0,0,0
1/8/2026 2:06,3,1,0,4
1/8/2026 2:16,0,0,0,0
1/8/2026 2:20,3,1,0,4
1/8/2026 2:21,0,0,0,0
1/8/2026 2:22,3,1,0,4
1/8/2026 2:31,0,0,0,0
1/8/2026 2:38,3,1,0,4
1/8/2026 2:46,0,0,0,0
1/8/2026 2:51,3,1,0,4
1/8/2026 3:02,0,0,0,0
1/8/2026 3:07,3,1,0,4
1/8/2026 3:09,0,0,0,0
1/8/2026 3:10,3,1,0,4
1/8/2026 3:18,0,0,0,0
1/8/2026 3:23,3,1,0,4
1/8/2026 3:24,0,0,0,0
1/8/2026 3:25,3,1,0,4
1/8/2026 3:34,0,0,0,0
1/8/2026 3:40,3,1,0,4
1/8/2026 3:49,0,0,0,0
1/8/2026 3:55,3,1,0,4
1/8/2026 4:06,0,0,0,0
1/8/2026 4:11,3,1,0,4
1/8/2026 4:21,0,0,0,0
1/8/2026 4:25,3,1,0,4
1/8/2026 4:26,0,0,0,0
1/8/2026 4:27,3,1,0,4
1/8/2026 4:36,0,0,0,0
1/8/2026 4:39,3,1,0,4
1/8/2026 4:40,0,0,0,0
1/8/2026 4:41,3,1,0,4
1/8/2026 4:51,0,0,0,0
1/8/2026 4:57,3,1,0,4
1/8/2026 5:07,0,0,0,0
1/8/2026 5:11,3,1,0,4
1/8/2026 5:21,0,0,0,0
1/8/2026 5:26,3,1,0,4
1/8/2026 5:36,0,0,0,0
1/8/2026 5:40,3,1,0,4
1/8/2026 5:50,0,0,0,0
1/8/2026 5:57,3,1,0,4
1/8/2026 6:08,0,0,0,0
1/8/2026 6:15,3,1,0,4
1/8/2026 6:18,2,2,0,4
1/8/2026 6:25,0,0,0,0
1/8/2026 6:30,2,1,1,4
1/8/2026 6:36,2,2,0,4
1/8/2026 6:41,0,0,0,0
1/8/2026 6:47,2,1,1,4
1/8/2026 6:58,0,0,0,0
1/8/2026 7:03,2,1,1,4
1/8/2026 7:09,3,1,0,4
1/8/2026 7:14,0,0,0,0
1/8/2026 7:19,3,1,0,4
1/8/2026 7:28,0,0,0,0
1/8/2026 7:32,3,1,0,4
1/8/2026 7:34,0,0,0,0
1/8/2026 7:35,3,1,0,4
1/8/2026 7:37,2,2,0,4
1/8/2026 7:43,0,0,0,0
1/8/2026 7:49,2,2,0,4
1/8/2026 8:05,1,3,0,4
1/8/2026 8:07,0,4,0,4
1/8/2026 15:15,0,4,0,4
1/8/2026 15:29,0,4,0,4
1/8/2026 15:48,0,4,0,4
1/8/2026 16:04,0,4,0,4
1/8/2026 16:06,0,4,0,4
1/8/2026 16:11,0,4,0,4
1/8/2026 16:23,1,3,0,4
1/8/2026 16:25,0,4,0,4
1/8/2026 16:27,0,4,0,4
1/8/2026 16:40,0,4,0,4
1/8/2026 16:52,1,3,0,4
08-26 17:01:37,1,3,0,4
08-26 17:03:39,0,4,0,4
08-26 17:24:39,1,3,0,4
08-26 17:29:04,0,4,0,4
08-26 17:43:38,0,3,1,4
08-26 17:51:49,0,4,0,4
08-26 18:04:22,1,3,0,4
08-26 18:05:23,0,4,0,4
08-26 18:23:22,0,3,1,4
08-26 18:26:26,0,4,0,4
08-26 18:27:49,0,3,1,4
08-26 18:28:50,0,4,0,4
08-26 18:29:51,0,3,1,4
08-26 18:30:52,0,4,0,4
08-26 18:32:54,0,3,1,4
08-26 18:33:55,0,4,0,4
08-26 19:37:50,1,3,0,4
08-26 19:41:54,0,4,0,4
08-26 20:31:55,1,3,0,4
08-26 20:36:20,0,4,0,4
08-26 21:18:09,2,2,0,4
08-26 21:21:33,0,4,0,4
08-26 21:33:26,1,3,0,4
08-26 21:45:20,1,2,1,4
08-26 21:46:21,1,3,0,4
08-26 21:52:48,0,4,0,4
08-26 23:44:24,1,3,0,4
08-26 23:46:26,2,2,0,4
08-26 23:47:49,1,3,0,4
08-27 00:04:49,0,3,1,4
08-27 00:05:50,0,4,0,4
08-27 00:06:51,0,3,1,4
08-27 00:07:52,0,4,0,4
08-27 00:31:21,1,3,0,4
08-27 01:22:23,1,2,1,4
08-27 01:26:49,2,2,0,4
08-27 01:56:21,3,1,0,4
08-27 02:06:53,4,0,0,4
08-27 05:21:53,3,1,0,4
08-27 06:12:50,2,2,0,4
08-27 07:48:49,1,3,0,4
08-27 07:51:52,1,2,1,4
08-27 07:52:53,1,3,0,4
08-27 07:59:21,0,4,0,4
08-27 08:10:55,1,3,0,4
08-27 18:03:01,1,3,0,4
08-30 19:06:37,0,4,0,4
08-30 19:14:06,0,3,1,4
08-30 19:19:32,0,4,0,4
08-30 19:22:34,1,3,0,4
08-30 20:02:46,0,4,0,4
08-30 20:08:52,1,3,0,4
08-30 20:23:51,0,4,0,4
08-30 21:04:49,0,3,1,4
08-30 21:07:52,1,3,0,4
08-30 21:22:32,0,4,0,4
08-30 21:24:33,1,3,0,4
08-30 21:25:34,2,2,0,4
08-30 21:36:07,1,3,0,4
08-30 21:47:38,0,4,0,4
08-30 22:44:48,1,3,0,4
08-30 22:47:51,0,4,0,4
08-30 23:14:21,1,3,0,4
08-30 23:31:20,0,4,0,4
08-30 23:57:47,0,3,1,4
08-31 00:03:53,0,4,0,4
08-31 00:34:23,1,3,0,4
08-31 00:36:47,0,4,0,4
08-31 02:15:21,1,3,0,4
08-31 02:16:22,1,2,1,4
08-31 02:17:23,2,2,0,4
08-31 03:25:04,3,1,0,4
08-31 04:31:08,0,1,3,4
08-31 04:37:35,1,0,3,4
08-31 05:14:36,0,0,4,4
08-31 09:42:03,4,0,0,4
08-31 09:48:09,3,1,0,4
08-31 09:49:32,2,2,0,4
08-31 09:52:17,1,3,0,4
08-31 09:57:22,0,4,0,4
08-31 11:24:36,1,3,0,4
08-31 11:33:05,1,2,1,4
08-31 11:39:33,2,2,0,4
08-31 11:40:34,1,3,0,4
08-31 11:45:39,2,2,0,4
08-31 12:16:34,1,3,0,4
08-31 12:22:02,0,4,0,4
08-31 12:26:49,0,3,1,4
08-31 12:32:16,0,4,0,4
08-31 12:56:04,1,3,0,4
08-31 13:00:08,0,4,0,4
08-31 13:01:31,0,3,1,4
08-31 13:02:32,0,4,0,4
08-31 13:05:18,0,3,1,4
08-31 13:06:19,0,4,0,4
08-31 13:28:46,1,3,0,4
08-31 13:52:15,0,4,0,4
08-31 15:45:18,1,3,0,4
08-31 15:53:09,0,4,0,4
08-31 16:23:37,1,3,0,4
08-31 16:26:02,0,4,0,4
08-31 17:18:21,1,3,0,4
08-31 17:23:49,0,4,0,4
08-31 17:31:17,1,3,0,4
08-31 17:48:39,0,4,0,4
08-31 18:07:46,0,3,1,4
08-31 18:08:47,1,3,0,4
08-31 18:11:50,0,4,0,4
08-31 18:12:51,0,3,1,4
08-31 18:13:52,0,4,0,4
08-31 18:17:17,1,3,0,4
08-31 18:20:19,0,4,0,4
08-31 19:07:38,0,3,1,4
08-31 20:28:35,1,2,1,4
08-31 20:41:08,0,3,1,4
08-31 21:25:38,1,2,1,4
08-31 21:29:03,0,2,2,4
08-31 21:30:04,0,3,1,4
08-31 22:08:33,1,2,1,4
08-31 22:13:38,2,1,1,4
08-31 22:35:06,2,0,2,4
08-31 23:11:07,1,1,2,4
08-31 23:29:08,0,2,2,4
09-01 00:15:46,1,1,2,4
09-01 01:24:22,0,2,2,4
09-01 03:19:52,1,1,2,4
09-01 04:56:23,0,2,2,4
09-01 06:53:01,1,1,2,4
09-01 07:16:51,2,0,2,4
09-01 07:38:19,1,1,2,4
09-01 08:07:18,0,2,2,4
09-01 08:19:51,2,2,0,4
09-01 19:12:06,1,3,0,4
09-01 19:14:08,0,4,0,4
09-01 19:15:30,1,3,0,4
09-01 19:16:53,0,4,0,4
09-01 19:18:16,1,3,0,4
09-01 19:26:23,0,4,0,4
09-01 20:17:53,1,3,0,4
09-01 20:31:48,2,2,0,4
09-01 20:49:47,1,3,0,4
09-01 21:21:46,3,1,0,4
09-01 21:22:47,2,2,0,4
09-01 21:23:48,2,1,1,4
09-01 21:25:50,2,2,0,4
09-01 21:41:49,1,3,0,4
09-01 22:04:18,2,2,0,4
09-01 22:09:23,1,3,0,4
09-01 22:10:47,2,2,0,4
09-01 22:43:47,3,1,0,4
09-02 00:42:36,3,0,1,4
09-02 00:43:37,3,1,0,4
09-02 00:55:08,4,0,0,4
09-02 05:17:05,3,1,0,4
09-02 05:52:05,2,2,0,4
09-02 06:32:07,1,3,0,4
09-02 06:33:08,0,4,0,4
09-02 08:45:36,1,3,0,4
09-02 08:53:05,0,4,0,4
09-02 09:13:49,1,3,0,4
09-02 09:14:49,0,4,0,4
09-02 10:20:06,0,3,1,4
09-02 10:22:07,1,2,1,4
09-02 10:25:35,2,2,0,4
09-02 10:28:37,1,3,0,4
09-02 10:32:01,0,4,0,4
09-02 11:31:02,0,3,1,4
09-02 11:33:48,0,2,2,4
09-02 11:34:49,1,2,1,4
09-02 11:38:52,2,2,0,4
09-02 12:08:47,3,1,0,4
09-02 12:34:16,2,2,0,4
09-02 13:03:17,1,3,0,4
09-02 13:05:18,0,4,0,4
09-02 14:18:07,0,3,1,4
09-02 14:19:08,0,4,0,4
09-02 14:20:31,1,3,0,4
09-02 14:31:02,0,4,0,4
09-02 14:41:34,1,3,0,4
09-02 14:54:08,0,4,0,4
09-02 15:11:31,1,3,0,4
09-02 15:24:27,0,4,0,4
09-02 15:27:30,0,3,1,4
09-02 15:33:18,1,3,0,4
09-07 12:15:42,0,4,0,4
09-07 12:24:55,0,3,1,4
09-07 12:30:01,0,4,0,4
09-07 12:38:15,1,3,0,4
09-07 12:43:25,0,4,0,4
09-07 13:28:10,0,3,1,4
09-07 13:32:14,0,4,0,4
09-07 13:34:16,1,3,0,4
09-07 13:35:39,0,4,0,4
09-07 14:00:58,1,3,0,4
09-07 14:31:55,0,4,0,4
09-07 16:51:31,1,3,0,4
09-07 16:52:54,0,4,0,4
09-07 17:49:55,1,3,0,4
09-07 17:50:56,0,4,0,4
09-07 17:51:57,0,3,1,4
09-07 17:52:58,1,3,0,4
09-07 17:53:59,0,4,0,4
09-07 18:02:56,1,3,0,4
09-07 18:03:57,0,4,0,4
09-07 18:15:31,0,3,1,4
09-07 18:16:31,0,4,0,4
09-07 18:18:56,0,3,1,4
09-07 18:19:57,0,4,0,4
09-07 18:40:26,1,3,0,4
09-07 18:42:28,0,4,0,4
09-07 20:00:24,1,3,0,4
09-07 20:03:10,0,4,0,4
09-07 21:17:46,1,3,0,4
09-07 21:22:54,0,4,0,4
09-07 22:15:13,0,3,1,4
09-07 22:16:13,1,3,0,4
09-07 22:17:15,0,4,0,4
09-07 22:19:38,0,3,1,4
09-07 22:21:01,1,2,1,4
09-07 22:22:02,0,3,1,4
09-07 22:26:11,0,4,0,4
09-07 22:35:01,1,3,0,4
09-07 22:40:10,0,4,0,4
09-08 00:05:58,1,3,0,4
09-08 00:17:31,2,2,0,4
09-08 01:07:40,3,1,0,4
09-08 01:16:30,4,0,0,4
09-08 01:37:31,3,1,0,4
09-08 01:49:45,3,0,1,4
09-08 01:56:12,3,1,0,4
09-08 02:12:55,3,0,1,4
09-08 02:13:56,4,0,0,4
09-08 02:15:58,3,1,0,4
09-08 02:16:59,4,0,0,4
09-08 02:18:00,3,1,0,4
09-08 06:17:30,2,2,0,4
09-08 07:05:46,2,1,1,4
09-08 07:11:13,2,2,0,4
09-08 07:31:01,1,3,0,4
09-08 07:35:09,2,2,0,4
09-08 07:56:58,1,3,0,4
09-08 08:07:55,2,2,0,4
09-08 08:08:57,1,3,0,4
09-08 08:09:58,2,2,0,4
09-08 08:12:01,1,3,0,4
09-08 08:14:26,0,4,0,4
09-08 08:32:30,1,3,0,4
09-08 08:36:18,0,4,0,4
09-08 08:39:43,1,3,0,4
09-08 08:40:44,0,4,0,4
09-08 09:25:25,1,3,0,4
09-08 09:26:26,0,4,0,4
09-08 10:16:26,0,3,1,4
09-08 18:40:30,1,3,0,4
09-08 18:42:54,0,4,0,4
09-08 19:02:40,1,3,0,4
09-08 19:03:41,0,4,0,4
09-08 19:29:55,0,3,1,4
09-08 19:36:01,0,4,0,4
09-08 19:41:28,1,3,0,4
09-08 19:49:58,2,2,0,4
09-08 20:09:00,1,3,0,4
09-08 20:10:01,0,4,0,4
09-08 22:09:54,1,3,0,4
09-08 22:37:25,0,4,0,4
09-08 22:45:55,1,3,0,4
09-08 22:51:00,2,2,0,4
09-08 22:54:25,1,3,0,4
09-08 23:36:31,2,2,0,4
09-09 15:07:42,0,3,1,4
09-09 15:14:11,0,4,0,4
09-09 15:28:45,0,3,1,4
09-09 15:29:46,0,4,0,4
09-09 16:44:12,1,3,0,4
09-09 16:46:13,0,4,0,4
09-09 17:37:09,1,3,0,4
09-09 17:38:10,0,4,0,4
09-09 18:31:22,0,3,1,4
09-09 18:32:23,0,4,0,4
09-09 20:30:26,0,3,1,4
09-09 20:33:11,0,4,0,4
09-09 20:48:56,2,2,0,4
09-09 20:55:51,0,4,0,4
09-09 20:58:54,1,3,0,4
09-09 21:19:50,0,4,0,4
09-12 15:20:13,0,4,0,4
09-12 15:48:43,0,3,1,4
09-12 15:51:46,1,3,0,4
09-12 16:00:54,0,4,0,4
09-12 16:52:44,1,3,0,4
09-12 16:57:49,0,4,0,4
09-12 17:12:02,1,3,0,4
09-12 17:13:03,2,2,0,4
09-12 17:15:05,1,3,0,4
09-12 17:33:24,0,4,0,4
09-12 18:46:32,0,3,1,4
09-12 18:52:37,0,4,0,4
09-12 19:07:48,1,3,0,4
09-12 19:11:51,0,4,0,4
09-12 19:40:18,1,3,0,4
09-12 19:47:24,0,4,0,4
09-12 20:25:59,1,3,0,4
09-12 20:29:02,0,4,0,4
09-12 20:52:23,1,3,0,4
09-12 20:54:25,2,2,0,4
09-12 20:56:26,1,3,0,4
09-12 21:06:35,0,4,0,4
09-12 21:16:44,1,3,0,4
09-12 21:17:45,0,4,0,4
09-12 21:34:59,1,3,0,4
09-12 21:40:04,0,4,0,4
09-12 22:32:47,0,3,1,4
09-12 22:38:53,1,3,0,4
09-12 22:41:56,0,3,1,4
09-12 22:42:56,0,4,0,4
09-12 22:55:08,1,3,0,4
09-12 22:57:10,0,4,0,4
09-12 23:37:46,1,3,0,4
09-12 23:43:51,0,4,0,4
09-13 00:48:52,1,3,0,4
09-13 00:51:55,2,2,0,4
09-13 01:08:12,3,1,0,4
09-13 02:22:17,2,1,1,4
09-13 02:23:18,2,2,0,4
09-13 02:51:44,2,1,1,4
09-13 02:56:48,2,2,0,4
09-13 03:33:21,3,1,0,4
09-13 03:34:21,2,1,1,4
09-13 03:35:23,2,2,0,4
09-13 05:06:41,1,3,0,4
09-13 05:07:41,1,2,1,4
09-13 05:08:42,1,3,0,4
09-13 05:15:48,0,4,0,4
09-13 05:18:50,0,3,1,4
09-13 05:19:51,1,3,0,4
09-13 05:20:52,2,2,0,4
09-13 05:22:54,1,3,0,4
09-13 06:03:31,0,4,0,4
09-13 07:30:45,0,3,1,4
09-13 07:36:49,0,4,0,4
09-13 07:44:57,0,3,1,4
09-13 07:48:01,0,4,0,4
09-13 07:49:01,1,3,0,4
09-13 08:06:18,0,4,0,4
09-13 08:11:22,1,3,0,4
09-13 08:25:35,0,4,0,4
09-13 08:55:01,1,3,0,4
09-13 08:57:03,2,2,0,4
09-13 09:01:06,1,3,0,4
09-13 09:19:22,0,4,0,4
09-13 10:16:12,1,3,0,4
09-13 10:19:14,0,4,0,4
09-13 10:33:26,1,3,0,4
09-13 10:34:27,2,2,0,4
09-13 10:35:29,1,3,0,4
09-13 10:38:31,0,4,0,4
09-13 10:56:45,0,3,1,4
09-13 10:57:46,0,4,0,4
09-13 11:33:16,1,3,0,4
09-13 11:36:18,0,4,0,4
09-13 11:58:38,1,3,0,4
09-13 12:00:39,0,4,0,4
09-13 12:37:11,1,3,0,4
09-13 12:48:21,0,4,0,4
09-13 12:49:22,0,3,1,4
09-13 12:50:23,0,4,0,4
09-13 13:18:47,0,3,1,4
09-13 13:20:49,0,4,0,4
09-13 13:38:06,0,3,1,4
09-13 13:40:09,0,4,0,4
09-13 14:28:51,0,3,1,4
09-13 14:29:52,1,3,0,4
09-13 14:30:52,2,2,0,4
09-13 14:33:56,1,3,0,4
09-13 14:42:03,1,2,1,4
09-13 14:46:07,0,3,1,4
09-13 14:48:08,0,4,0,4
09-13 15:00:18,1,3,0,4
09-13 15:12:31,0,4,0,4
09-13 16:04:16,1,3,0,4
09-13 16:05:17,0,4,0,4
09-13 16:06:18,1,3,0,4
09-13 16:14:26,0,3,1,4
09-13 16:15:27,0,4,0,4
09-13 16:49:56,1,3,0,4
09-13 16:52:59,0,4,0,4
09-13 16:55:02,0,3,1,4
09-13 16:56:03,0,4,0,4
09-13 17:53:55,1,3,0,4
09-13 17:58:00,0,4,0,4
09-13 18:53:48,1,3,0,4
09-13 18:55:49,2,2,0,4
09-13 18:57:51,1,3,0,4
09-13 18:58:52,2,2,0,4
09-13 18:59:53,1,3,0,4
09-13 19:07:01,0,4,0,4
09-13 19:25:18,0,3,1,4
09-13 19:26:19,1,3,0,4
09-13 19:31:23,0,4,0,4
09-13 20:09:58,1,3,0,4
09-13 20:12:00,2,2,0,4
09-13 20:13:01,1,3,0,4
09-13 20:22:12,0,4,0,4
09-13 21:31:18,1,3,0,4
09-13 21:34:22,0,4,0,4
09-13 21:35:23,0,3,1,4
09-13 21:36:24,0,4,0,4
09-13 21:37:26,0,3,1,4
09-13 21:38:27,0,4,0,4
09-13 21:40:29,0,3,1,4
09-13 21:41:30,0,4,0,4
09-13 21:45:33,1,3,0,4
09-13 21:46:34,0,4,0,4
09-13 22:17:00,0,3,1,4
09-13 22:19:03,0,4,0,4
09-13 22:20:03,1,3,0,4
09-13 22:24:07,0,4,0,4
09-13 22:38:20,1,3,0,4
09-13 22:41:24,0,4,0,4
09-13 22:42:24,0,3,1,4
09-13 22:43:25,0,4,0,4
09-13 22:48:29,1,3,0,4
09-13 22:55:35,0,4,0,4
09-13 22:57:37,1,3,0,4
09-13 23:04:43,0,4,0,4
09-13 23:52:26,1,3,0,4
09-13 23:54:28,0,4,0,4
09-14 00:15:46,0,3,1,4
09-14 00:24:55,1,2,1,4
09-14 00:26:56,0,3,1,4
09-14 00:53:22,1,3,0,4
09-14 00:54:23,2,2,0,4
09-14 00:56:25,1,3,0,4
09-14 01:00:29,2,2,0,4
09-14 01:01:29,1,3,0,4
09-14 01:03:31,0,3,1,4
09-14 01:04:32,0,4,0,4
09-14 01:07:34,0,3,1,4
09-14 01:08:35,0,4,0,4
09-14 01:10:37,0,3,1,4
09-14 01:11:38,0,4,0,4
09-14 01:15:41,1,3,0,4
09-14 01:16:42,0,4,0,4
09-14 01:20:46,0,3,1,4
09-14 01:21:47,0,2,2,4
09-14 01:22:47,2,2,0,4
09-14 01:24:49,1,3,0,4
09-14 01:30:55,1,2,1,4
09-14 01:31:56,1,3,0,4
09-14 02:01:23,2,2,0,4
09-14 02:26:48,3,1,0,4
09-14 02:56:18,4,0,0,4
09-14 04:12:34,3,1,0,4
09-14 04:16:38,4,0,0,4
09-14 04:18:40,3,1,0,4
09-14 06:30:52,2,2,0,4
09-14 06:45:08,1,3,0,4
09-14 06:50:13,2,2,0,4
09-14 06:52:14,1,3,0,4
09-14 06:53:15,2,2,0,4
09-14 06:54:16,1,3,0,4
09-14 07:06:29,1,2,1,4
09-14 07:10:33,0,3,1,4
09-14 07:13:35,1,2,1,4
09-14 07:36:55,1,3,0,4
09-14 07:48:07,0,4,0,4
09-14 09:20:43,1,3,0,4
09-14 09:22:46,0,4,0,4
09-14 09:40:02,1,3,0,4
09-14 09:43:06,0,4,0,4
09-14 10:45:10,0,3,1,4
09-14 10:46:11,1,2,1,4
09-14 10:51:17,1,3,0,4
09-14 10:52:18,2,2,0,4
09-14 10:54:20,1,3,0,4
09-14 11:07:33,0,4,0,4
09-14 12:46:00,0,3,1,4
09-14 12:52:10,0,4,0,4
09-14 13:01:39,1,3,0,4
09-14 13:03:44,0,4,0,4
09-14 13:55:03,1,3,0,4
09-14 13:57:05,0,4,0,4
09-14 14:31:48,0,3,1,4
09-14 14:36:05,0,4,0,4
09-14 15:24:41,1,3,0,4
09-14 15:27:44,0,4,0,4
09-14 17:11:53,1,3,0,4
09-14 17:15:05,0,4,0,4
09-14 18:01:00,1,3,0,4
09-14 18:21:50,0,4,0,4
09-14 18:54:20,1,3,0,4
09-14 18:58:40,0,4,0,4
09-14 20:13:57,0,3,1,4
09-14 20:15:01,1,3,0,4
09-14 20:20:18,0,4,0,4
09-14 21:09:48,2,2,0,4
09-14 21:12:59,1,3,0,4
09-14 21:15:05,0,4,0,4
09-14 21:17:10,1,3,0,4
09-14 21:19:16,0,4,0,4
09-14 21:58:52,1,3,0,4
09-14 22:02:08,0,4,0,4
09-14 22:03:12,0,3,1,4
09-14 22:04:17,0,4,0,4
09-14 22:08:29,1,3,0,4
09-14 22:10:34,0,3,1,4
09-14 22:11:35,0,4,0,4
09-14 22:22:04,0,3,1,4
09-14 22:25:10,1,3,0,4
09-14 22:26:11,0,4,0,4
09-14 22:39:46,1,3,0,4
09-14 22:44:01,0,4,0,4
09-14 22:56:30,0,3,1,4
09-14 22:57:34,0,4,0,4
09-14 22:59:44,1,3,0,4
09-14 23:12:15,0,4,0,4
09-14 23:15:31,1,3,0,4
09-14 23:16:32,0,4,0,4
09-14 23:19:39,1,3,0,4
09-15 00:39:30,1,2,1,4
09-15 00:40:32,2,2,0,4
09-15 00:55:20,1,3,0,4
09-15 01:31:52,1,2,1,4
09-15 01:37:10,2,2,0,4
09-15 02:06:32,3,1,0,4
09-15 02:51:45,4,0,0,4
09-15 06:47:05,3,1,0,4
09-15 07:37:43,2,2,0,4
09-15 07:49:11,1,3,0,4
09-15 08:03:42,0,4,0,4
09-15 08:31:16,1,3,0,4
09-15 08:46:31,0,4,0,4
09-15 12:24:37,1,3,0,4
09-15 12:26:39,0,4,0,4
09-15 18:06:17,0,4,0,4
09-16 11:48:46,1,1,2,4
09-16 11:54:50,0,2,2,4
09-16 14:24:54,1,1,2,4
09-16 14:27:58,0,2,2,4
09-16 15:17:40,1,1,2,4
09-16 15:19:42,0,2,2,4
09-16 17:05:12,1,1,2,4
09-16 17:07:13,0,2,2,4
09-16 17:31:34,1,1,2,4
09-16 17:39:41,0,2,2,4
09-16 19:48:28,0,1,3,4
09-16 19:49:29,1,1,2,4
09-16 19:51:31,0,2,2,4
09-16 20:31:04,1,1,2,4
09-16 20:34:07,0,2,2,4
09-16 20:58:26,0,1,3,4
09-16 20:59:27,0,2,2,4
09-16 21:43:04,1,1,2,4
09-16 21:46:08,0,2,2,4
09-16 21:55:15,1,1,2,4
09-16 21:58:18,0,2,2,4
09-17 00:12:17,1,1,2,4
09-17 00:14:19,0,2,2,4
09-17 00:23:26,0,1,3,4
09-17 00:24:27,1,1,2,4
09-17 00:26:29,0,2,2,4
09-17 01:42:33,0,1,3,4
09-17 01:43:33,0,2,2,4
09-17 01:45:35,1,1,2,4
09-17 01:58:48,2,0,2,4
09-17 02:24:11,3,0,1,4
09-17 02:34:21,2,0,2,4
09-17 02:36:22,0,0,4,4
09-17 09:20:20,2,0,2,4
09-17 09:21:21,4,0,0,4
09-17 09:32:29,0,0,4,4
09-17 09:45:41,2,0,2,4
09-17 09:50:46,1,1,2,4
09-17 10:20:14,0,2,2,4
09-17 12:14:56,1,1,2,4
09-17 12:18:07,0,2,2,4
09-17 13:58:45,0,1,3,4
09-17 14:23:05,0,2,2,4
09-17 14:36:17,0,1,3,4
09-17 14:42:22,0,2,2,4
09-17 14:48:28,1,1,2,4
09-17 15:17:52,0,2,2,4
09-17 17:43:52,1,1,2,4
09-17 17:46:54,0,2,2,4
09-17 18:18:23,0,1,3,4
09-17 18:24:29,0,2,2,4
09-17 18:31:35,1,1,2,4
09-17 18:36:40,0,2,2,4
09-17 21:47:23,1,1,2,4
09-17 21:50:25,0,2,2,4
09-17 22:28:53,0,1,3,4
09-17 22:29:54,1,1,2,4
09-17 22:34:58,0,2,2,4
09-18 00:11:21,1,1,2,4
09-18 00:13:23,0,2,2,4
09-18 00:25:34,1,1,2,4
09-18 00:28:36,0,2,2,4
09-18 02:00:53,1,1,2,4
09-18 02:45:34,1,0,3,4
09-18 02:46:35,2,0,2,4
09-18 03:18:02,0,0,4,4
09-18 17:25:46,4,0,0,4
09-18 17:55:11,3,1,0,4
09-18 18:18:32,2,2,0,4
09-18 18:20:34,1,3,0,4
09-18 18:24:37,0,4,0,4
09-18 18:27:40,1,3,0,4
09-18 18:29:42,0,4,0,4
09-18 20:35:29,1,3,0,4
09-18 20:40:33,0,4,0,4
09-18 21:43:28,1,3,0,4
09-18 21:51:36,0,4,0,4
09-18 22:03:47,0,3,1,4
09-18 22:09:53,0,4,0,4
09-18 22:11:55,1,3,0,4
09-18 22:14:57,0,4,0,4
09-18 22:18:00,1,3,0,4
09-18 22:19:01,2,2,0,4
09-18 22:20:02,1,3,0,4
09-18 22:27:09,0,4,0,4
09-18 22:28:10,0,3,1,4
09-18 22:30:12,0,4,0,4
09-18 22:33:15,0,3,1,4
09-18 22:42:21,0,4,0,4
09-18 23:11:48,1,3,0,4
09-18 23:16:52,1,2,1,4
09-18 23:22:57,1,3,0,4
09-18 23:31:05,2,2,0,4
09-18 23:39:12,1,3,0,4
09-18 23:47:19,0,4,0,4
09-19 00:09:39,0,3,1,4
09-19 00:10:41,0,4,0,4
09-19 00:35:02,0,3,1,4
09-19 00:36:03,1,3,0,4
09-19 01:17:39,1,2,1,4
09-19 01:21:42,2,1,1,4
09-19 01:23:44,3,1,0,4
09-19 02:33:44,4,0,0,4
09-19 05:43:30,3,1,0,4
09-19 05:58:43,2,2,0,4
09-19 06:05:49,1,3,0,4
09-19 07:04:42,0,4,0,4
09-19 07:12:50,1,3,0,4
09-19 07:55:29,0,4,0,4
09-19 08:07:41,1,3,0,4
09-19 08:13:47,0,4,0,4
09-19 09:10:36,1,3,0,4
09-19 09:12:39,0,4,0,4
09-19 09:39:01,1,3,0,4
09-19 09:40:03,0,4,0,4
09-19 09:41:04,0,3,1,4
09-19 09:44:07,0,4,0,4
09-19 09:45:08,1,3,0,4
09-19 09:49:12,0,4,0,4
09-19 09:54:16,1,3,0,4
09-19 09:56:18,0,4,0,4
09-19 10:45:01,0,3,1,4
09-19 10:46:02,0,4,0,4
09-19 10:50:05,0,3,1,4
09-19 10:55:10,0,4,0,4
09-19 10:58:12,0,3,1,4
09-19 10:59:13,0,4,0,4
09-19 11:42:53,1,3,0,4
09-19 11:44:54,0,4,0,4
09-19 11:45:55,1,3,0,4
09-19 11:46:56,0,4,0,4
09-19 12:35:39,0,3,1,4
09-19 12:37:40,1,3,0,4
09-19 12:39:42,2,2,0,4
09-19 12:40:42,1,3,0,4
09-19 12:42:44,0,4,0,4
09-19 13:05:04,1,3,0,4
09-19 13:09:08,0,4,0,4
09-19 13:53:49,1,3,0,4
09-19 13:55:51,0,4,0,4
09-19 14:39:30,1,3,0,4
09-19 14:48:39,0,4,0,4
09-19 15:12:59,1,3,0,4
09-19 15:17:02,2,2,0,4
09-19 15:20:05,1,3,0,4
09-19 15:26:10,1,2,1,4
09-19 15:33:18,1,3,0,4
09-19 15:38:23,2,2,0,4
09-19 15:43:25,1,3,0,4
09-19 15:51:33,0,4,0,4
09-19 15:54:36,0,3,1,4
09-19 15:57:40,0,4,0,4
09-19 16:01:44,0,3,1,4
09-19 16:02:45,0,4,0,4
09-19 16:54:37,1,3,0,4
09-19 17:05:46,0,4,0,4
09-19 17:16:58,0,3,1,4
09-19 17:20:01,0,4,0,4
09-19 17:22:03,0,3,1,4
09-19 17:24:04,0,4,0,4
09-19 18:00:40,1,3,0,4
09-19 18:03:44,0,4,0,4
09-19 18:23:05,1,3,0,4
09-19 18:26:08,2,2,0,4
09-19 18:27:09,1,3,0,4
09-19 18:34:16,0,4,0,4
09-19 20:16:58,1,3,0,4
09-19 20:32:14,0,4,0,4
09-19 21:11:53,1,3,0,4
09-19 21:14:55,0,4,0,4
09-19 21:55:32,0,3,1,4
09-19 21:57:34,0,4,0,4
09-19 21:58:35,1,3,0,4
09-19 22:03:40,1,2,1,4
09-19 22:04:41,1,3,0,4
09-19 22:13:50,0,4,0,4
09-19 22:16:53,1,3,0,4
09-19 22:18:54,2,2,0,4
09-19 22:19:55,1,3,0,4
09-19 22:23:00,2,2,0,4
09-19 22:27:04,1,2,1,4
09-19 22:28:06,0,4,0,4
09-19 22:29:07,1,3,0,4
09-19 22:30:08,0,4,0,4
09-19 22:31:08,0,2,2,4
09-19 22:33:10,0,4,0,4
09-19 22:34:11,0,3,1,4
09-19 22:36:13,0,4,0,4
09-19 22:37:14,0,3,1,4
09-19 22:39:15,0,4,0,4
09-19 22:42:17,0,3,1,4
09-19 22:43:18,0,4,0,4
09-19 22:44:19,0,3,1,4
09-19 22:45:21,0,4,0,4
09-19 22:46:21,0,3,1,4
09-19 22:51:26,1,3,0,4
09-19 22:52:27,0,3,1,4
09-19 22:53:28,1,3,0,4
09-19 23:37:13,0,4,0,4
09-20 00:00:32,0,3,1,4
09-20 00:01:33,1,3,0,4
09-20 00:04:36,0,4,0,4
09-20 01:07:37,1,3,0,4
09-20 01:09:39,0,4,0,4
09-20 01:15:45,0,3,1,4
09-20 01:16:46,0,4,0,4
09-20 01:57:27,1,3,0,4
09-20 02:25:59,2,2,0,4
09-20 02:46:20,2,1,1,4
09-20 02:47:21,2,2,0,4
09-20 02:49:23,2,1,1,4
09-20 02:50:24,2,2,0,4
09-20 02:51:25,3,1,0,4
09-20 03:39:16,3,0,1,4
09-20 03:44:21,3,1,0,4
09-20 06:20:01,2,2,0,4
09-20 07:06:48,2,1,1,4
09-20 07:07:51,3,1,0,4
09-20 07:11:55,2,2,0,4
09-20 07:23:07,1,3,0,4
09-20 07:45:30,2,2,0,4
09-20 08:21:06,1,3,0,4
09-20 08:47:31,0,4,0,4
09-20 09:41:24,1,3,0,4
09-20 09:44:27,0,4,0,4
09-20 10:13:55,1,3,0,4
09-20 10:19:01,0,4,0,4
09-20 10:47:30,1,3,0,4
09-20 10:57:41,0,4,0,4
09-20 11:06:50,0,3,1,4
09-20 11:07:52,1,3,0,4
09-20 11:09:53,0,4,0,4
09-20 11:24:08,1,3,0,4
09-20 11:26:10,0,4,0,4
09-20 12:35:16,1,3,0,4
09-20 12:37:19,2,2,0,4
09-20 12:38:19,1,3,0,4
09-20 12:47:29,0,4,0,4
09-20 13:16:57,0,3,1,4
09-20 13:17:58,1,3,0,4
09-20 13:20:00,0,4,0,4
09-20 14:46:20,1,3,0,4
09-20 14:49:23,0,4,0,4
09-20 15:02:33,0,3,1,4
09-20 15:06:37,1,2,1,4
09-20 15:08:39,1,3,0,4
09-20 15:14:44,2,2,0,4
09-20 15:20:49,1,3,0,4
09-20 15:21:50,0,4,0,4
09-20 15:43:08,1,3,0,4
09-20 15:46:10,0,4,0,4
09-20 16:37:51,1,3,0,4
09-20 17:10:15,0,4,0,4
09-20 17:32:35,0,3,1,4
09-20 17:33:36,1,3,0,4
09-20 17:35:37,0,4,0,4
09-20 18:15:13,1,3,0,4
09-20 18:17:15,0,4,0,4
09-20 18:21:19,1,3,0,4
09-20 18:24:21,0,4,0,4
09-20 20:05:47,1,3,0,4
09-20 20:08:49,0,4,0,4
09-20 20:10:51,0,3,1,4
09-20 20:12:53,0,4,0,4
09-20 20:36:13,0,3,1,4
09-20 20:57:32,1,2,1,4
09-20 21:06:40,2,1,1,4
09-20 21:07:40,1,2,1,4
09-20 21:11:44,0,3,1,4
09-20 21:21:52,1,2,1,4
09-20 21:23:53,0,3,1,4
09-20 21:46:12,1,2,1,4
09-20 21:50:14,0,3,1,4
09-20 22:28:47,0,2,2,4
09-20 22:34:51,1,3,0,4
09-20 22:36:53,0,4,0,4
09-20 22:37:54,0,3,1,4
09-20 22:38:55,0,4,0,4
09-20 22:46:00,0,3,1,4
09-20 22:47:01,0,4,0,4
09-20 22:51:04,0,3,1,4
09-20 22:55:07,0,4,0,4
09-20 23:00:12,1,3,0,4
09-20 23:04:15,0,4,0,4
09-20 23:06:16,1,3,0,4
09-20 23:07:16,0,4,0,4
09-20 23:08:17,1,3,0,4
09-20 23:09:19,2,2,0,4
09-20 23:10:19,1,3,0,4
09-20 23:12:21,0,4,0,4
09-20 23:13:21,1,3,0,4
09-20 23:15:24,0,4,0,4
09-20 23:54:54,1,3,0,4
09-20 23:56:56,0,4,0,4
09-21 00:24:18,1,3,0,4
09-21 01:50:31,2,2,0,4
09-21 02:55:24,3,1,0,4
09-21 03:44:08,4,0,0,4
09-21 05:14:26,3,1,0,4
09-21 05:57:01,2,2,0,4
09-21 06:19:21,1,3,0,4
09-21 06:40:38,0,4,0,4
09-21 08:45:45,1,3,0,4
09-21 08:47:47,0,4,0,4
09-21 09:00:58,1,3,0,4
09-21 09:04:01,0,4,0,4
09-21 09:10:06,1,3,0,4
09-21 09:12:08,0,4,0,4
09-21 10:34:16,1,3,0,4
09-21 10:39:21,0,4,0,4
09-21 13:50:21,0,4,0,4
09-21 14:16:43,1,3,0,4
09-21 14:18:45,0,3,1,4
09-21 14:19:46,0,4,0,4
09-21 14:53:16,1,3,0,4
09-21 14:54:17,2,2,0,4
09-21 15:41:03,1,3,0,4
09-21 15:43:05,0,4,0,4
09-21 15:57:16,0,3,1,4
09-21 16:03:22,0,4,0,4
09-21 16:07:25,1,3,0,4
09-21 16:36:54,1,2,1,4
09-21 16:37:55,2,2,0,4
09-21 16:51:05,2,1,1,4
09-21 16:57:10,2,2,0,4
09-21 16:59:12,2,1,1,4
09-21 17:03:16,1,1,2,4
09-21 17:04:17,1,2,1,4
09-21 17:22:33,0,4,0,4
09-21 17:31:42,1,3,0,4
09-21 17:32:43,0,4,0,4
09-21 17:49:57,0,3,1,4
09-21 17:56:01,0,4,0,4
09-21 18:10:14,1,3,0,4
09-21 18:15:18,0,4,0,4
09-21 18:39:38,1,3,0,4
09-21 18:43:43,0,4,0,4
09-21 20:20:06,0,3,1,4
09-21 20:21:08,1,3,0,4
09-21 20:28:13,0,4,0,4
09-21 20:59:41,0,3,1,4
09-21 21:05:47,0,4,0,4
09-21 21:22:01,1,3,0,4
09-21 21:42:18,0,4,0,4
09-21 21:50:26,0,3,1,4
09-21 21:56:31,0,4,0,4
09-21 21:57:32,1,3,0,4
09-21 22:12:43,0,4,0,4
09-21 22:29:55,0,3,1,4
09-21 22:35:59,0,4,0,4
09-21 22:45:07,1,3,0,4
09-21 22:48:09,0,4,0,4
09-21 22:50:11,1,3,0,4
09-21 23:20:36,0,4,0,4
09-22 00:12:18,0,3,1,4
09-22 00:18:22,0,4,0,4
09-22 00:24:28,1,3,0,4
09-22 00:25:29,0,4,0,4
09-22 01:13:08,0,3,1,4
09-22 01:19:12,0,4,0,4
09-22 01:29:21,1,3,0,4
09-22 02:02:46,1,2,1,4
09-22 02:03:47,2,2,0,4
09-22 02:38:14,3,1,0,4
09-22 03:02:36,3,0,1,4
09-22 03:09:43,3,1,0,4
09-22 05:51:06,2,2,0,4
09-22 07:02:04,3,1,0,4
09-22 07:18:17,4,0,0,4
09-22 07:30:27,3,1,0,4
09-22 07:53:46,2,2,0,4
09-22 08:07:59,1,3,0,4
09-22 08:13:04,0,4,0,4
09-22 09:26:22,1,3,0,4
09-22 09:28:24,0,3,1,4
09-22 09:29:24,0,4,0,4
09-22 10:17:14,0,3,1,4
09-22 10:21:18,0,2,2,4
09-22 10:22:20,1,2,1,4
09-22 10:25:23,0,3,1,4
09-22 10:42:42,0,4,0,4
09-22 11:00:01,0,3,1,4
09-22 11:06:07,0,4,0,4
09-22 11:17:19,1,3,0,4
09-22 11:22:24,0,4,0,4
09-22 12:04:06,1,3,0,4
09-22 12:07:09,0,4,0,4
09-22 13:23:29,1,3,0,4
09-22 13:26:32,2,2,0,4
09-22 13:27:32,1,3,0,4
09-22 13:32:38,0,4,0,4
09-22 14:02:08,0,3,1,4
09-22 14:03:09,1,3,0,4
09-22 14:05:11,0,4,0,4
09-22 15:01:03,1,3,0,4
09-22 15:03:05,0,4,0,4
09-22 15:45:44,0,3,1,4
09-22 15:50:48,0,4,0,4
09-22 15:52:50,0,3,1,4
09-22 15:53:51,1,3,0,4
09-22 16:22:20,2,2,0,4
09-22 16:24:22,2,1,1,4
09-22 16:26:24,1,2,1,4
09-22 16:29:27,2,2,0,4
09-22 16:37:34,1,3,0,4
09-22 16:38:36,0,4,0,4
09-22 17:36:34,0,3,1,4
09-22 17:37:35,0,4,0,4
09-22 17:52:51,0,3,1,4
09-22 18:10:06,1,2,1,4
09-22 18:13:09,0,3,1,4
09-22 18:33:37,0,2,2,4
09-22 18:34:38,1,2,1,4
09-22 18:36:39,0,3,1,4
09-22 20:51:43,0,2,2,4
09-22 20:52:44,1,2,1,4
09-22 21:01:51,0,3,1,4
09-22 21:24:10,0,2,2,4
09-22 21:25:11,0,3,1,4
09-22 21:26:12,1,2,1,4
09-22 21:28:14,0,3,1,4
09-22 22:13:54,1,2,1,4
09-22 22:16:57,0,2,2,4
09-22 22:18:58,0,3,1,4
09-22 23:46:20,0,2,2,4
09-22 23:51:25,0,3,1,4
09-22 23:55:29,1,2,1,4
09-23 00:54:18,2,1,1,4
09-23 01:03:29,2,0,2,4
09-23 01:08:33,2,1,1,4
09-23 01:11:35,2,0,2,4
09-23 01:18:41,2,1,1,4
09-23 01:19:42,2,0,2,4
09-23 01:29:51,2,1,1,4
09-23 03:10:17,1,2,1,4
09-23 05:13:09,1,1,2,4
09-23 05:18:14,1,2,1,4
09-23 05:36:31,0,3,1,4
09-23 05:51:46,1,2,1,4
09-23 06:30:22,2,1,1,4
09-23 06:51:43,1,2,1,4
09-23 07:02:54,2,1,1,4
09-23 07:03:55,1,2,1,4
09-23 07:23:14,0,3,1,4
09-23 09:43:25,1,2,1,4
09-23 09:52:33,0,3,1,4
09-23 10:04:43,1,2,1,4
09-23 10:17:55,0,3,1,4
09-23 10:59:28,0,2,2,4
09-23 11:05:36,0,3,1,4
09-23 11:10:40,1,1,2,4
09-23 11:11:41,1,2,1,4
09-23 11:45:08,0,3,1,4
09-23 13:37:48,1,2,1,4
09-23 13:41:52,0,3,1,4
09-23 13:52:01,1,2,1,4
09-23 13:56:04,0,3,1,4
09-23 15:38:36,0,2,2,4
09-23 15:39:36,1,2,1,4
09-23 15:41:38,0,3,1,4
09-23 16:03:57,1,2,1,4
09-23 16:11:02,0,3,1,4
09-23 18:36:16,0,2,2,4
09-23 18:37:17,1,2,1,4
09-23 18:49:28,0,3,1,4
09-23 18:59:35,0,2,2,4
09-23 19:05:42,0,3,1,4
09-23 19:21:56,1,2,1,4
09-23 19:25:01,0,3,1,4
09-23 20:00:31,1,2,1,4
09-23 20:23:52,0,3,1,4
09-23 21:19:41,1,2,1,4
09-23 21:22:43,0,3,1,4
09-23 21:44:01,0,2,2,4
09-23 21:45:02,1,2,1,4
09-23 21:58:13,0,3,1,4
09-23 23:10:17,0,2,2,4
09-23 23:14:19,0,3,1,4
09-23 23:38:42,0,2,2,4
09-23 23:41:45,1,2,1,4
09-23 23:57:00,2,1,1,4
09-24 00:18:17,1,2,1,4
09-24 00:35:31,2,1,1,4
09-24 04:13:43,2,0,2,4
09-24 04:18:48,2,1,1,4
09-24 07:43:51,1,2,1,4
09-24 07:47:55,0,3,1,4
09-24 08:16:19,1,2,1,4
09-24 08:32:33,0,3,1,4
09-24 09:39:30,0,2,2,4
09-24 09:45:34,0,3,1,4
09-24 10:06:55,0,2,2,4
09-24 10:13:00,2,1,1,4
09-24 10:18:03,1,2,1,4
09-24 10:24:09,0,3,1,4
09-24 10:33:44,1,2,1,4
09-24 10:47:35,0,3,1,4
09-24 12:27:42,0,2,2,4
09-24 12:28:43,0,3,1,4
09-24 12:35:54,0,2,2,4
09-24 12:41:09,1,2,1,4
09-24 12:54:48,0,3,1,4
09-24 12:58:56,1,2,1,4
09-24 13:01:01,0,2,2,4
09-24 13:02:02,0,3,1,4
09-24 13:36:47,0,2,2,4
09-24 13:43:01,0,3,1,4
09-24 13:52:22,1,2,1,4
09-24 14:08:56,0,3,1,4
09-24 14:46:33,1,3,0,4
09-24 14:47:34,0,4,0,4
09-24 14:48:34,1,3,0,4
09-24 15:06:25,0,4,0,4
09-24 15:17:54,1,3,0,4
09-24 15:25:10,1,2,1,4
09-24 15:26:11,2,2,0,4
09-24 15:29:21,1,3,0,4
09-24 15:32:35,0,4,0,4
09-24 17:07:52,1,3,0,4
09-24 17:20:01,2,2,0,4
09-24 17:28:07,1,3,0,4
09-24 17:46:23,0,4,0,4
09-24 17:53:30,1,3,0,4
09-24 18:05:40,0,4,0,4
09-24 18:44:11,0,3,1,4
09-24 18:50:17,0,4,0,4
09-24 19:33:50,1,3,0,4
09-24 19:58:08,0,4,0,4
09-24 20:01:10,1,3,0,4
09-24 20:06:14,0,4,0,4
09-24 21:19:15,1,3,0,4
09-24 21:25:20,0,4,0,4
09-24 21:37:31,0,3,1,4
09-24 21:43:36,0,4,0,4
09-24 21:51:44,1,3,0,4
09-24 21:54:46,0,4,0,4
09-24 22:05:56,1,3,0,4
09-24 22:15:02,2,2,0,4
09-24 22:17:04,3,1,0,4
09-24 22:54:37,4,0,0,4
09-24 23:33:09,3,1,0,4
09-25 00:11:39,2,1,1,4
09-25 00:12:39,2,2,0,4
09-25 01:02:16,1,3,0,4
09-25 01:11:23,0,4,0,4
09-25 02:27:24,1,3,0,4
09-25 02:28:25,2,2,0,4
09-25 02:30:26,1,3,0,4
09-25 02:57:51,2,2,0,4
09-25 04:18:57,3,1,0,4
09-25 05:47:12,4,0,0,4
09-25 06:33:49,3,1,0,4
09-25 06:55:08,2,2,0,4
09-25 07:08:20,3,1,0,4
09-25 07:09:21,2,2,0,4
09-25 08:02:06,1,3,0,4
09-25 08:08:11,0,4,0,4
09-25 08:11:13,0,3,1,4
09-25 08:17:18,0,4,0,4
09-25 09:27:17,1,3,0,4
09-25 09:35:25,2,2,0,4
09-25 09:52:44,1,3,0,4
09-25 09:53:45,0,4,0,4
09-25 11:45:17,0,3,1,4
09-25 11:46:17,0,2,2,4
09-25 11:47:18,0,1,3,4
09-25 11:48:19,1,1,2,4
09-25 11:52:23,1,2,1,4
09-25 11:56:26,2,2,0,4
09-25 11:59:28,1,3,0,4
09-25 12:05:34,2,2,0,4
09-25 12:19:45,1,3,0,4
09-25 12:32:57,0,4,0,4
09-25 12:52:11,1,3,0,4
09-25 12:55:14,0,3,1,4
09-25 12:56:15,0,4,0,4
09-25 13:49:00,1,3,0,4
09-25 13:56:06,0,4,0,4
09-25 15:11:12,0,3,1,4
09-25 15:12:13,1,3,0,4
09-25 15:15:15,0,4,0,4
09-25 15:48:46,1,3,0,4
09-25 15:51:48,0,4,0,4
09-25 16:00:56,0,3,1,4
09-25 16:15:09,0,0,4,4
09-25 16:59:43,1,2,1,4
09-25 17:00:44,0,2,2,4
09-25 17:01:45,0,3,1,4
09-25 17:18:58,1,2,1,4
09-25 17:21:00,0,3,1,4
09-25 17:47:21,0,2,2,4
09-25 17:51:24,0,3,1,4
09-25 17:52:25,0,2,2,4
09-25 17:54:27,0,3,1,4
09-25 18:21:50,1,2,1,4
09-25 18:23:52,0,3,1,4
09-25 19:02:32,0,2,2,4
09-25 19:08:37,0,3,1,4
09-25 19:10:39,0,2,2,4
09-25 19:11:40,0,3,1,4
09-25 19:14:41,0,2,2,4
09-25 19:20:45,0,3,1,4
09-25 19:22:47,0,2,2,4
09-25 19:29:53,0,3,1,4
09-25 20:07:27,0,2,2,4
09-25 20:13:32,0,3,1,4
09-25 20:20:40,0,2,2,4
09-25 20:21:41,0,3,1,4
09-25 20:55:11,0,2,2,4
09-25 20:56:12,0,3,1,4
09-25 20:58:13,0,2,2,4
09-25 21:04:17,0,3,1,4
09-25 21:33:42,1,2,1,4
09-25 21:35:44,0,3,1,4
09-25 21:36:45,0,2,2,4
09-25 21:37:45,0,3,1,4
09-25 21:40:48,1,2,1,4
09-25 21:42:49,0,3,1,4
09-25 21:46:53,1,2,1,4
09-25 21:49:56,1,1,2,4
09-25 21:51:57,1,2,1,4
09-25 22:10:12,0,3,1,4
09-25 22:11:13,0,2,2,4
09-25 22:14:16,0,3,1,4
09-25 22:15:17,0,2,2,4
09-25 22:17:19,0,3,1,4
09-25 22:18:20,0,2,2,4
09-25 22:20:21,0,3,1,4
09-25 22:21:23,0,2,2,4
09-25 22:22:24,1,2,1,4
09-25 22:25:26,0,3,1,4
09-25 22:26:27,0,2,2,4
09-25 22:31:31,1,2,1,4
09-25 23:17:07,0,3,1,4
09-25 23:30:21,0,0,4,4
09-26 16:07:00,0,2,2,4
09-26 16:09:02,0,3,1,4
09-26 16:28:21,1,2,1,4
09-26 16:31:24,0,3,1,4
09-26 17:06:59,1,2,1,4
09-26 17:09:01,0,3,1,4
09-26 18:30:22,0,2,2,4
09-26 18:31:23,0,3,1,4
09-26 18:32:24,1,2,1,4
09-26 18:33:25,0,3,1,4
09-26 18:35:27,0,2,2,4
09-26 18:36:28,0,3,1,4
09-26 18:48:39,1,2,1,4
09-26 18:49:40,2,1,1,4
09-26 18:50:41,1,2,1,4
09-26 18:54:46,0,3,1,4
09-26 19:00:52,1,2,1,4
09-26 19:03:55,1,1,2,4
09-26 19:04:57,2,1,1,4
09-26 19:07:59,1,2,1,4
09-26 19:38:30,0,3,1,4
09-26 19:39:31,0,2,2,4
09-26 19:40:31,0,3,1,4
09-26 19:41:32,0,2,2,4
09-26 19:42:34,0,3,1,4
09-26 19:44:36,1,2,1,4
09-26 19:46:37,0,3,1,4
09-26 19:51:43,0,2,2,4
09-26 19:52:44,0,3,1,4
09-26 19:59:52,0,2,2,4
09-26 20:05:58,0,3,1,4
09-26 20:31:23,1,2,1,4
09-26 20:40:31,0,3,1,4
09-26 20:51:42,0,2,2,4
09-26 20:56:47,1,2,1,4
09-26 21:02:54,0,3,1,4
09-26 22:00:50,1,2,1,4
09-26 22:06:57,0,3,1,4
09-26 22:07:58,1,2,1,4
09-26 22:23:14,0,3,1,4
09-26 22:25:16,0,2,2,4
09-26 22:28:20,0,3,1,4
09-26 22:29:21,0,2,2,4
09-26 22:33:25,1,2,1,4
09-26 23:14:03,0,3,1,4
09-26 23:16:05,0,2,2,4
09-26 23:17:06,0,3,1,4
09-26 23:18:08,0,2,2,4
09-26 23:24:13,0,3,1,4
09-26 23:25:14,1,2,1,4
09-26 23:28:17,0,3,1,4
09-26 23:30:20,0,2,2,4
09-26 23:32:21,0,3,1,4
09-26 23:34:23,0,2,2,4
09-26 23:35:24,0,3,1,4
09-26 23:36:25,0,2,2,4
09-26 23:37:26,1,2,1,4
09-26 23:38:27,1,1,2,4
09-26 23:39:28,0,2,2,4
09-26 23:40:29,0,3,1,4
09-26 23:42:31,0,2,2,4
09-26 23:43:32,1,2,1,4
09-27 00:46:25,2,1,1,4
09-27 00:49:27,1,2,1,4
09-27 02:53:25,1,1,2,4
09-27 02:54:26,1,2,1,4
09-27 03:06:36,2,1,1,4
09-27 03:37:07,1,2,1,4
09-27 03:40:11,2,1,1,4
09-27 03:41:11,1,2,1,4
09-27 05:49:15,0,3,1,4
09-27 05:51:18,0,2,2,4
09-27 05:52:18,0,3,1,4
09-27 05:53:19,1,2,1,4
09-27 06:33:58,0,3,1,4
09-27 06:49:12,0,2,2,4
09-27 06:55:17,0,3,1,4
09-27 07:09:32,1,2,1,4
09-27 07:27:46,2,1,1,4
09-27 07:28:47,1,2,1,4
09-27 08:28:42,0,3,1,4
09-27 09:30:38,1,2,1,4
09-27 09:44:50,0,3,1,4
09-27 10:30:29,1,2,1,4
09-27 11:02:58,2,1,1,4
09-27 11:07:02,1,2,1,4
09-27 11:13:09,0,3,1,4
09-27 12:04:56,1,2,1,4
09-27 12:10:02,0,3,1,4
09-27 13:34:18,0,2,2,4
09-27 13:40:23,0,3,1,4
09-27 14:30:06,1,2,1,4
09-27 14:38:13,1,1,2,4
09-27 14:44:17,1,2,1,4
09-27 14:55:27,2,1,1,4
09-27 15:01:32,2,0,2,4
09-27 15:02:33,2,1,1,4
09-27 15:03:33,1,2,1,4
09-27 15:06:36,1,1,2,4
09-27 15:08:37,1,2,1,4
09-27 15:12:41,0,3,1,4
09-27 15:14:42,0,2,2,4
09-27 15:15:43,0,3,1,4
09-27 15:17:44,0,2,2,4
09-27 15:23:49,0,3,1,4
09-27 15:26:52,0,2,2,4
09-27 15:27:53,0,3,1,4
09-27 15:39:03,0,2,2,4
09-27 15:40:04,0,3,1,4
09-27 16:23:40,0,2,2,4
09-27 16:24:42,0,3,1,4
09-27 16:25:43,0,2,2,4
09-27 16:30:48,0,1,3,4
09-27 16:31:49,0,2,2,4
09-27 16:32:50,1,1,2,4
09-27 16:35:53,0,2,2,4
09-27 16:38:55,0,3,1,4
09-27 17:18:30,1,2,1,4
09-27 17:28:39,1,1,2,4
09-27 17:33:43,1,2,1,4
09-27 17:34:44,2,1,1,4
09-27 17:35:45,1,2,1,4
09-27 17:36:46,0,3,1,4
09-27 17:39:49,0,2,2,4
09-27 17:45:53,0,3,1,4
09-27 18:17:22,0,2,2,4
09-27 18:23:27,0,3,1,4
09-27 19:33:30,0,2,2,4
09-27 19:38:34,0,3,1,4
09-27 20:24:15,1,2,1,4
09-27 20:25:16,1,1,2,4
09-27 20:28:19,0,2,2,4
09-27 20:31:23,0,3,1,4
09-27 20:56:45,1,2,1,4
09-27 20:58:47,0,3,1,4
09-27 21:25:12,1,2,1,4
09-27 21:36:22,0,3,1,4
09-27 22:25:08,1,2,1,4
09-27 22:40:21,0,3,1,4
09-27 22:45:26,0,2,2,4
09-27 22:47:28,0,3,1,4
09-27 22:48:29,0,2,2,4
09-27 22:49:30,0,3,1,4
09-27 22:50:31,0,2,2,4
09-27 22:53:33,1,1,2,4
09-27 22:54:33,2,1,1,4
09-27 22:57:36,1,2,1,4
09-27 22:59:38,0,3,1,4
09-27 23:41:14,1,2,1,4
09-27 23:48:22,0,3,1,4
09-28 00:31:05,0,2,2,4
09-28 00:33:07,1,2,1,4
09-28 00:36:09,2,1,1,4
09-28 01:55:34,3,0,1,4
09-28 07:13:32,2,1,1,4
09-28 07:14:33,1,2,1,4
09-28 07:36:58,0,3,1,4
09-28 09:33:04,1,2,1,4
09-28 09:36:07,0,3,1,4
09-28 10:52:00,0,2,2,4
09-28 10:53:01,0,3,1,4
09-28 10:54:02,1,2,1,4
09-28 11:04:28,0,3,1,4
09-28 11:05:33,0,2,2,4
09-28 11:08:39,0,3,1,4
09-28 11:09:40,0,2,2,4
09-28 11:10:45,1,2,1,4
09-28 11:11:46,0,3,1,4
09-28 11:13:56,1,2,1,4
09-28 11:38:05,0,3,1,4
09-28 11:40:12,0,2,2,4
09-28 11:41:17,0,3,1,4
09-28 11:42:22,0,2,2,4
09-28 11:44:28,0,3,1,4
09-28 11:45:33,0,2,2,4
09-28 11:47:38,1,2,1,4
09-28 11:48:39,2,2,0,4
09-28 11:50:41,1,3,0,4
09-28 11:51:42,1,2,1,4
09-28 11:52:43,2,2,0,4
09-28 11:53:44,1,2,1,4
09-28 11:54:45,1,3,0,4
09-28 11:55:46,1,2,1,4
09-28 11:56:47,1,3,0,4
09-28 11:57:47,2,2,0,4
09-28 11:58:49,1,3,0,4
09-28 11:59:50,1,2,1,4
09-28 12:02:53,1,3,0,4
09-28 12:04:55,2,2,0,4
09-28 12:05:56,2,1,1,4
09-28 12:06:56,1,2,1,4
09-28 12:07:57,1,3,0,4
09-28 12:08:58,1,2,1,4
09-28 12:10:00,1,3,0,4
09-28 12:11:00,2,2,0,4
09-28 12:13:02,1,3,0,4
09-28 12:15:04,0,4,0,4
09-28 12:16:05,0,3,1,4
09-28 12:18:07,0,4,0,4
09-28 12:22:11,0,3,1,4
09-28 12:24:13,0,4,0,4
09-28 12:26:15,1,3,0,4
09-28 12:44:31,1,2,1,4
09-28 12:50:36,1,3,0,4
09-28 13:40:23,2,2,0,4
09-28 13:42:24,1,3,0,4
09-28 14:40:16,2,2,0,4
09-28 14:47:23,1,3,0,4
09-28 15:22:55,0,3,1,4
09-28 15:43:14,0,4,0,4
09-28 16:05:34,1,3,0,4
09-28 16:13:40,0,4,0,4
09-28 16:39:06,0,3,1,4
09-28 16:45:12,0,4,0,4
09-28 16:46:13,1,3,0,4
09-28 16:54:22,2,2,0,4
09-28 17:02:30,1,3,0,4
09-28 17:12:38,1,2,1,4
09-28 17:17:42,1,3,0,4
09-28 17:18:42,2,2,0,4
09-28 17:24:48,1,3,0,4
09-28 17:39:02,0,4,0,4
09-28 18:29:51,1,3,0,4
09-28 18:31:52,0,4,0,4
09-28 18:32:53,0,3,1,4
09-28 18:33:54,0,4,0,4
09-28 19:07:23,1,3,0,4
09-28 19:13:28,0,4,0,4
09-28 21:00:01,1,3,0,4
09-28 21:02:02,0,4,0,4
09-28 21:15:13,1,3,0,4
09-28 21:18:15,0,4,0,4
09-28 21:36:30,0,2,2,4
09-28 21:39:32,0,4,0,4
09-28 21:40:32,1,3,0,4
09-28 21:41:33,1,2,1,4
09-28 21:42:34,0,4,0,4
09-28 21:43:35,1,3,0,4
09-28 21:55:47,2,2,0,4
09-28 21:57:48,1,3,0,4
09-28 23:35:15,2,2,0,4
09-28 23:39:20,3,1,0,4
09-29 11:30:44,0,3,1,4
09-29 11:36:49,0,4,0,4
09-29 11:55:06,1,3,0,4
09-29 11:58:09,0,4,0,4
09-29 12:45:55,1,3,0,4
09-29 12:56:06,2,2,0,4
09-29 13:10:20,1,3,0,4
09-29 13:14:23,0,4,0,4
09-29 13:26:33,0,3,1,4
09-29 13:27:34,0,4,0,4
09-29 13:28:34,1,3,0,4
09-29 13:29:35,0,4,0,4
09-29 13:48:52,1,3,0,4
09-29 14:12:14,0,4,0,4
09-29 15:10:13,1,3,0,4
09-29 15:45:42,0,4,0,4
09-29 16:41:29,0,3,1,4
09-29 16:47:34,0,4,0,4
09-29 16:56:42,0,3,1,4
09-29 17:02:47,0,4,0,4
09-29 17:12:57,0,3,1,4
09-29 17:16:00,1,2,1,4
09-29 17:19:03,1,3,0,4
09-29 17:27:12,0,4,0,4
09-29 17:59:39,1,3,0,4
09-29 18:09:49,0,4,0,4
09-29 18:20:59,1,3,0,4
09-29 18:24:02,0,4,0,4
09-29 19:05:34,0,3,1,4
09-29 19:10:38,1,2,1,4
09-29 19:11:39,1,3,0,4
09-29 19:13:41,0,4,0,4
09-29 19:16:43,1,3,0,4
09-29 19:33:59,0,4,0,4
09-29 20:37:56,0,3,1,4
09-29 20:38:57,0,4,0,4
09-29 20:58:14,1,3,0,4
09-29 21:03:19,0,4,0,4
09-29 21:50:01,1,3,0,4
09-29 21:58:10,0,4,0,4
09-29 21:59:11,0,3,1,4
09-29 22:05:16,0,4,0,4
09-29 22:06:17,1,3,0,4
09-29 22:12:22,0,4,0,4
09-29 22:21:30,1,3,0,4
09-29 22:23:31,0,4,0,4
09-29 22:24:32,1,3,0,4
09-29 22:34:41,2,2,0,4
09-29 22:47:53,1,3,0,4
09-29 22:50:56,0,4,0,4
09-30 00:07:06,1,3,0,4
09-30 00:35:30,2,2,0,4
09-30 00:44:39,3,1,0,4
09-30 01:02:54,3,0,1,4
09-30 01:09:01,3,1,0,4
09-30 03:01:44,4,0,0,4
09-30 05:07:33,3,1,0,4
09-30 05:10:35,2,2,0,4
09-30 06:20:40,1,3,0,4
09-30 07:34:47,0,4,0,4
09-30 07:57:11,1,3,0,4
09-30 08:00:13,0,4,0,4
09-30 08:58:13,1,3,0,4
09-30 08:59:14,1,2,1,4
09-30 09:00:15,2,2,0,4
09-30 09:01:16,3,1,0,4
09-30 09:02:17,2,2,0,4
09-30 09:08:25,0,4,0,4
09-30 09:14:30,0,3,1,4
09-30 09:15:31,0,4,0,4
09-30 09:20:35,0,3,1,4
09-30 09:26:42,0,4,0,4
09-30 09:28:44,1,3,0,4
09-30 09:31:46,0,4,0,4
09-30 11:10:19,0,3,1,4
09-30 11:16:24,0,4,0,4
09-30 11:19:27,0,3,1,4
09-30 11:25:31,0,4,0,4
09-30 11:26:32,1,3,0,4
09-30 11:28:34,0,4,0,4
09-30 12:08:11,1,3,0,4
09-30 12:12:16,0,4,0,4
09-30 12:15:18,0,3,1,4
09-30 12:21:23,0,4,0,4
09-30 12:52:50,1,3,0,4
09-30 12:55:53,0,4,0,4
09-30 13:02:59,0,3,1,4
09-30 13:05:00,0,4,0,4
09-30 13:07:02,1,3,0,4
09-30 13:12:09,0,4,0,4
09-30 13:15:11,1,3,0,4
09-30 13:16:13,2,2,0,4
09-30 13:18:15,0,4,0,4
09-30 14:35:20,1,3,0,4
09-30 14:49:32,0,4,0,4
09-30 15:01:43,1,3,0,4
09-30 15:03:45,0,4,0,4
09-30 15:44:16,1,3,0,4
09-30 15:46:18,0,4,0,4
09-30 16:04:33,0,3,1,4
09-30 16:05:34,1,3,0,4
09-30 16:25:50,0,3,1,4
09-30 16:27:51,0,2,2,4
09-30 16:32:55,1,2,1,4
09-30 16:53:09,0,3,1,4
09-30 18:40:32,0,2,2,4
09-30 18:41:33,1,2,1,4
09-30 18:44:36,0,3,1,4
09-30 18:51:42,1,2,1,4
09-30 18:57:48,0,3,1,4
09-30 19:03:53,1,2,1,4
09-30 19:04:54,0,3,1,4
09-30 19:09:58,0,2,2,4
09-30 19:16:03,0,3,1,4
09-30 19:22:08,0,2,2,4
09-30 19:28:14,0,3,1,4
09-30 19:42:27,1,2,1,4
09-30 19:44:29,0,3,1,4
09-30 19:46:30,1,2,1,4
09-30 19:47:31,0,3,1,4
09-30 19:52:35,0,2,2,4
09-30 19:58:40,0,3,1,4
09-30 20:11:53,0,3,1,4
09-30 20:12:53,1,2,1,4
09-30 20:21:01,2,1,1,4
09-30 20:48:25,1,2,1,4
09-30 20:49:26,1,1,2,4
09-30 20:50:27,0,2,2,4
09-30 20:55:31,0,3,1,4
09-30 20:58:34,1,2,1,4
09-30 21:35:07,0,3,1,4
09-30 21:36:08,0,2,2,4
09-30 21:37:09,0,3,1,4
09-30 21:42:12,0,2,2,4
09-30 21:48:18,0,3,1,4
09-30 22:00:27,1,2,1,4
09-30 22:02:29,0,3,1,4
09-30 22:23:46,1,2,1,4
09-30 23:02:20,0,3,1,4
09-30 23:48:59,1,2,1,4
10-01 00:04:14,0,3,1,4
10-01 00:46:52,1,2,1,4
10-01 01:03:09,1,1,2,4
10-01 01:09:14,1,2,1,4
10-01 02:07:06,2,1,1,4
10-01 06:52:18,1,2,1,4
10-01 07:04:29,2,1,1,4
10-01 08:05:19,1,2,1,4
10-01 08:16:28,0,3,1,4
10-01 10:07:54,0,2,2,4
10-01 10:13:59,0,3,1,4
10-01 10:46:29,1,2,1,4
10-01 10:49:31,0,3,1,4
10-01 11:51:19,0,2,2,4
10-01 11:56:24,0,3,1,4
10-01 12:02:28,1,2,1,4
10-01 12:04:30,0,3,1,4
10-01 14:35:53,0,2,2,4
10-01 14:36:54,1,2,1,4
10-01 14:38:56,0,3,1,4
10-01 15:37:54,1,2,1,4
10-01 15:48:05,0,3,1,4
10-01 17:08:20,0,2,2,4
10-01 17:14:26,0,3,1,4
10-01 17:16:28,1,2,1,4
10-01 17:22:33,0,2,2,4
10-01 17:24:35,1,2,1,4
10-01 17:29:39,0,3,1,4
10-01 17:55:03,0,2,2,4
10-01 18:01:11,0,3,1,4
10-01 18:22:31,1,2,1,4
10-01 18:25:35,2,1,1,4
10-01 18:45:55,2,0,2,4
10-01 18:51:00,1,1,2,4
10-01 18:52:02,1,2,1,4
10-01 18:53:02,0,3,1,4
10-01 19:05:14,1,2,1,4
10-01 19:08:18,0,3,1,4
10-01 20:16:25,0,2,2,4
10-01 20:22:30,0,3,1,4
10-01 21:07:13,2,1,1,4
10-01 21:12:19,1,2,1,4
10-01 21:15:23,2,1,1,4
10-01 21:27:34,1,2,1,4
10-01 21:40:49,2,1,1,4
10-01 21:52:01,1,2,1,4
10-01 22:03:14,0,3,1,4
10-02 00:13:18,1,2,1,4
10-02 00:15:20,2,1,1,4
10-02 01:58:06,3,0,1,4
10-02 02:18:26,2,1,1,4
10-02 04:59:12,1,2,1,4
10-02 05:03:15,0,3,1,4
10-02 05:54:04,1,2,1,4
10-02 06:17:27,0,3,1,4
10-02 06:31:39,0,2,2,4
10-02 06:32:40,0,3,1,4
10-02 08:07:11,1,2,1,4
10-02 08:12:19,0,3,1,4
10-02 08:15:22,1,2,1,4
10-02 08:17:24,0,3,1,4
10-02 08:18:25,1,2,1,4
10-02 08:20:27,0,3,1,4
10-02 08:22:29,0,2,2,4
10-02 08:23:30,0,3,1,4
10-02 11:12:53,0,2,2,4
10-02 11:19:00,0,3,1,4
10-02 11:20:01,1,2,1,4
10-02 11:22:03,0,3,1,4
10-02 11:34:15,0,2,2,4
10-02 11:40:20,0,3,1,4
10-02 11:52:31,1,2,1,4
10-02 11:55:33,0,3,1,4
10-02 12:16:52,0,2,2,4
10-02 12:17:52,0,3,1,4
10-02 12:22:57,1,2,1,4
10-02 13:14:40,0,3,1,4
10-02 14:37:49,1,2,1,4
10-02 14:42:52,0,3,1,4
10-02 14:50:59,0,4,0,4
10-02 15:10:14,1,3,0,4
10-02 15:17:20,2,2,0,4
10-02 15:25:26,1,3,0,4
10-02 15:43:41,0,3,1,4
10-02 18:08:49,0,2,2,4
10-02 18:09:50,1,2,1,4
10-02 18:10:51,0,3,1,4
10-02 19:24:58,1,2,1,4
10-02 19:27:01,0,3,1,4
10-02 20:04:34,1,2,1,4
10-02 20:06:36,0,2,2,4
10-02 20:07:37,1,2,1,4
10-02 20:26:55,0,3,1,4
10-02 20:55:21,1,2,1,4
10-02 20:56:22,0,3,1,4
10-02 21:49:09,1,2,1,4
10-02 21:59:20,0,3,1,4
10-02 22:07:27,1,2,1,4
10-02 22:08:30,0,3,1,4
10-02 22:11:32,1,2,1,4
10-02 22:13:33,2,1,1,4
10-02 22:15:36,1,2,1,4
10-02 22:17:38,0,3,1,4
10-03 00:32:42,1,2,1,4
10-03 00:36:46,0,3,1,4
10-03 00:54:00,1,2,1,4
10-03 01:14:18,0,3,1,4
10-03 01:15:19,1,2,1,4
10-03 01:19:23,0,3,1,4
10-03 01:27:30,1,2,1,4
10-03 01:52:53,0,2,2,4
10-03 02:31:27,1,1,2,4
10-03 02:51:45,0,1,3,4
10-03 04:04:54,1,0,3,4
10-03 04:08:58,0,1,3,4
10-03 07:25:49,0,0,4,4
10-03 09:06:19,3,0,1,4
10-03 09:46:49,2,1,1,4
10-03 09:49:51,1,2,1,4
10-03 09:50:52,2,1,1,4
10-03 10:10:10,1,2,1,4
10-03 10:17:15,0,3,1,4
10-03 11:26:17,2,1,1,4
10-03 11:28:18,1,2,1,4
10-03 11:53:42,0,2,2,4
10-03 12:13:00,1,1,2,4
10-03 12:22:09,0,2,2,4
10-03 13:48:33,1,1,2,4
10-03 14:06:49,0,2,2,4
10-03 15:01:38,1,1,2,4
10-03 15:08:45,0,2,2,4
10-03 16:16:45,0,1,3,4
10-03 16:17:45,0,2,2,4
10-03 16:18:46,1,1,2,4
10-03 16:21:49,0,2,2,4
10-03 17:58:15,1,1,2,4
10-03 18:00:16,0,1,3,4
10-03 18:06:21,0,2,2,4
10-03 18:12:28,1,1,2,4
10-03 18:16:31,0,2,2,4
10-03 19:01:15,1,1,2,4
10-03 19:08:21,0,2,2,4
10-03 20:14:21,0,1,3,4
10-03 20:20:27,0,2,2,4
10-03 20:22:29,1,1,2,4
10-03 20:37:42,0,2,2,4
10-03 21:03:04,1,1,2,4
10-03 21:08:09,0,2,2,4
10-03 21:56:47,1,1,2,4
10-03 22:00:51,0,2,2,4
10-03 22:14:01,1,1,2,4
10-03 22:28:14,0,2,2,4
10-03 23:46:20,1,1,2,4
10-04 00:37:06,0,2,2,4
10-04 01:24:50,1,1,2,4
10-04 01:25:51,2,0,2,4
10-04 01:28:54,1,1,2,4
10-04 02:36:53,2,0,2,4
10-04 06:12:13,1,1,2,4
10-04 07:52:49,2,0,2,4
10-04 08:09:06,1,1,2,4
10-04 08:35:29,0,2,2,4
10-04 10:01:47,0,1,3,4
10-04 10:07:52,0,2,2,4
10-04 10:52:37,1,1,2,4
10-04 11:23:10,0,2,2,4
10-04 11:33:21,0,1,3,4
10-04 11:34:22,1,1,2,4
10-04 11:37:25,0,2,2,4
10-04 14:33:15,0,1,3,4
10-04 14:34:16,1,1,2,4
10-04 14:37:19,0,2,2,4
10-04 14:38:19,0,1,3,4
10-04 14:39:20,1,1,2,4
10-04 14:42:24,0,2,2,4
10-04 15:07:49,0,1,3,4
10-04 16:26:07,0,0,4,4
10-04 16:27:08,1,0,3,4
10-04 16:35:16,0,1,3,4
10-04 18:36:20,1,1,2,4
10-04 18:40:25,0,2,2,4
10-04 20:02:49,1,1,2,4
10-04 20:04:51,0,2,2,4
10-04 20:16:03,1,1,2,4
10-04 20:25:11,0,2,2,4
10-04 21:51:35,1,1,2,4
10-04 22:00:45,0,2,2,4
10-05 00:08:54,1,1,2,4
10-05 00:10:56,0,2,2,4
10-05 00:52:41,1,1,2,4
10-05 02:18:07,2,0,2,4
10-05 04:07:57,1,1,2,4
10-05 07:34:23,1,0,3,4
10-05 07:52:40,1,1,2,4
10-05 07:56:44,1,1,2,4
10-05 08:19:14,0,2,2,4
10-05 09:37:32,1,1,2,4
10-05 09:48:43,0,2,2,4
10-05 12:25:18,1,1,2,4
10-05 12:26:19,0,2,2,4
10-05 12:36:30,0,1,3,4
10-05 12:38:31,1,1,2,4
10-05 12:46:41,0,2,2,4
10-05 13:09:02,1,1,2,4
10-05 13:13:05,0,2,2,4
10-05 16:27:58,0,1,3,4
10-05 16:34:03,1,1,2,4
10-05 16:41:10,1,0,3,4
10-05 17:11:40,1,1,2,4
10-05 17:23:53,0,2,2,4
10-05 18:44:05,0,1,3,4
10-05 18:46:06,1,1,2,4
10-05 18:49:08,0,2,2,4
10-05 19:46:56,1,1,2,4
10-05 20:04:10,0,2,2,4
10-05 20:47:49,0,1,3,4
10-05 20:48:50,0,2,2,4
10-05 20:49:51,1,1,2,4
10-05 21:26:24,0,2,2,4
10-05 22:29:23,1,1,2,4
10-05 22:35:29,0,2,2,4
10-06 00:31:06,1,1,2,4
10-06 01:21:51,2,0,2,4
10-06 01:32:00,1,0,3,4
10-06 01:33:01,1,1,2,4
10-06 04:24:31,0,2,2,4
10-06 05:13:14,0,1,3,4
10-06 05:19:20,0,2,2,4
10-06 07:49:33,1,1,2,4
10-06 07:52:36,0,2,2,4
10-06 09:30:13,1,1,2,4
10-06 09:33:16,0,2,2,4
10-06 10:16:52,1,1,2,4
10-06 10:19:55,0,2,2,4
10-06 11:02:31,0,1,3,4
10-06 11:08:38,0,2,2,4
10-06 20:48:57,1,2,1,4
10-06 20:51:59,0,3,1,4
10-06 21:39:42,0,2,2,4
10-06 21:45:48,0,3,1,4
10-06 21:57:59,1,2,1,4
10-06 22:00:01,0,3,1,4
10-06 22:06:07,1,2,1,4
10-06 22:13:13,0,3,1,4
10-06 23:24:29,1,2,1,4
10-06 23:27:31,0,3,1,4
10-06 23:38:43,1,2,1,4
10-07 01:00:00,2,1,1,4
10-07 01:46:41,2,0,2,4
10-07 01:47:42,3,0,1,4
10-07 05:10:11,2,1,1,4
10-07 06:47:34,1,2,1,4
10-07 08:04:42,0,3,1,4
10-07 08:41:29,1,2,1,4
10-07 08:43:31,0,3,1,4
10-07 09:05:35,1,2,1,4
10-07 09:07:45,0,3,1,4
10-07 10:58:57,1,3,0,4
10-07 11:35:24,1,2,1,4
10-07 11:41:33,1,3,0,4
10-07 11:48:38,0,4,0,4
10-07 12:07:56,0,3,1,4
10-07 12:11:00,0,2,2,4
10-07 12:14:03,1,3,0,4
10-07 12:16:05,0,4,0,4
10-07 12:32:19,1,3,0,4
10-07 12:39:26,0,4,0,4
10-07 12:53:39,1,3,0,4
10-07 12:56:42,0,4,0,4
10-07 13:25:07,1,3,0,4
10-07 13:35:17,0,4,0,4
10-07 14:10:49,0,3,1,4
10-07 14:16:55,0,4,0,4
10-07 14:19:57,1,3,0,4
10-07 14:26:03,0,4,0,4
10-07 14:48:21,1,3,0,4
10-07 14:51:24,0,4,0,4
10-07 15:12:42,1,3,0,4
10-07 15:24:55,1,2,1,4
10-07 15:28:58,1,3,0,4
10-07 15:29:59,2,2,0,4
10-07 15:34:03,3,1,0,4
10-07 15:39:08,2,2,0,4
10-07 15:53:21,1,3,0,4
10-07 16:28:53,0,4,0,4
10-07 16:35:59,1,3,0,4
10-07 16:43:06,0,4,0,4
10-07 17:01:23,0,3,1,4
10-07 17:07:30,0,4,0,4
10-07 17:37:59,0,3,1,4
10-07 17:40:02,1,2,1,4
10-07 17:44:06,1,3,0,4
10-07 17:45:08,2,2,0,4
10-07 17:48:11,3,1,0,4
10-07 17:49:12,2,2,0,4
10-07 18:12:32,2,1,1,4
10-07 18:15:34,1,2,1,4
10-07 18:18:37,1,3,0,4
10-07 18:26:44,0,4,0,4
10-07 18:32:51,1,3,0,4
10-07 18:47:05,0,4,0,4
10-07 20:09:17,1,3,0,4
10-07 20:12:18,0,4,0,4
10-07 21:17:13,1,3,0,4
10-07 21:21:17,2,2,0,4
10-07 21:32:25,1,3,0,4
10-07 21:33:26,1,2,1,4
10-07 21:34:28,1,3,0,4
10-07 21:48:39,0,4,0,4
10-07 21:49:40,1,3,0,4
10-07 21:50:41,0,4,0,4
10-07 22:15:05,1,3,0,4
10-07 22:30:19,0,4,0,4
10-07 23:11:57,1,3,0,4
10-07 23:14:00,0,3,1,4
10-07 23:15:01,0,4,0,4
10-08 00:26:15,0,3,1,4
10-08 00:27:16,1,3,0,4
10-08 00:30:18,0,4,0,4
10-08 00:42:27,0,3,1,4
10-08 00:43:28,1,3,0,4
10-08 00:53:37,2,2,0,4
10-08 01:27:10,3,1,0,4
10-08 02:31:18,4,0,0,4
10-08 06:25:49,3,1,0,4
10-08 06:26:50,2,2,0,4
10-08 07:03:24,2,1,1,4
10-08 07:09:30,2,2,0,4
10-08 08:34:50,1,3,0,4
10-08 08:36:52,0,4,0,4
10-08 08:51:06,0,3,1,4
10-08 08:58:13,0,4,0,4
10-08 08:59:14,1,3,0,4
10-08 09:05:19,0,4,0,4
10-08 10:17:24,1,3,0,4
10-08 10:20:27,0,4,0,4
10-08 10:57:58,0,3,1,4
10-08 11:04:05,0,4,0,4
10-08 11:12:14,1,3,0,4
10-08 11:20:20,0,3,1,4
10-08 11:21:21,0,4,0,4
10-08 12:28:28,0,3,1,4
10-08 12:34:33,1,3,0,4
10-08 12:36:35,0,4,0,4
10-08 12:56:52,1,3,0,4
10-08 12:59:55,0,4,0,4
10-08 13:06:00,1,3,0,4
10-08 13:13:07,0,4,0,4
10-08 14:26:08,0,3,1,4
10-08 14:28:11,1,3,0,4
10-08 14:34:15,0,4,0,4
10-08 15:08:42,1,3,0,4
10-08 15:16:49,0,4,0,4
10-08 16:15:39,0,3,1,4
10-08 16:21:44,0,4,0,4
10-08 16:57:17,1,3,0,4
10-08 16:59:18,0,4,0,4
10-08 17:00:19,0,3,1,4
10-08 17:01:20,0,4,0,4
10-08 17:05:23,1,3,0,4
10-08 17:07:25,0,4,0,4
10-08 18:06:19,1,3,0,4
10-08 18:08:20,0,4,0,4
10-08 18:59:07,1,3,0,4
10-08 19:02:10,0,4,0,4
10-08 19:49:49,1,3,0,4
10-08 20:00:57,0,4,0,4
10-08 21:01:50,1,3,0,4
10-08 21:04:53,0,4,0,4
10-08 21:05:53,0,3,1,4
10-08 21:12:00,0,4,0,4
10-08 21:45:30,1,3,0,4
10-08 22:10:55,0,4,0,4
10-08 22:12:57,1,3,0,4
10-08 22:14:59,0,4,0,4
10-08 22:20:04,1,3,0,4
10-08 22:25:08,0,4,0,4
10-08 22:44:26,0,3,1,4
10-08 22:45:26,1,3,0,4
10-08 22:52:33,0,4,0,4
10-08 22:56:37,0,3,1,4
10-08 22:58:39,0,4,0,4
10-08 23:04:43,1,3,0,4
10-08 23:09:47,0,3,1,4
10-08 23:10:48,0,4,0,4
10-08 23:46:21,0,3,1,4
10-08 23:52:28,0,4,0,4
10-09 00:19:52,0,3,1,4
10-09 00:25:58,0,4,0,4
10-09 00:28:00,1,3,0,4
10-09 00:54:25,2,2,0,4
10-09 01:04:34,3,1,0,4
10-09 06:03:01,3,0,1,4
10-09 06:10:08,3,1,0,4
10-09 06:34:30,1,3,0,4
10-09 07:03:55,0,4,0,4
10-09 08:25:11,1,3,0,4
10-09 08:44:25,0,4,0,4
10-09 08:46:27,0,3,1,4
10-09 08:47:27,0,4,0,4
10-09 08:54:33,0,3,1,4
10-09 08:57:36,0,4,0,4
10-09 09:14:51,0,3,1,4
10-09 09:20:56,0,4,0,4
10-09 10:45:13,1,3,0,4
10-09 10:49:18,0,4,0,4
10-09 11:06:35,1,3,0,4
10-09 11:08:37,0,4,0,4
10-09 11:36:01,0,3,1,4
10-09 11:42:10,0,4,0,4
10-09 11:54:25,0,3,1,4
10-09 11:56:27,1,2,1,4
10-09 12:00:31,1,3,0,4
10-09 12:23:52,0,4,0,4
10-09 12:47:13,1,3,0,4
10-09 12:49:15,0,4,0,4
10-09 12:53:18,0,3,1,4
10-09 12:57:21,0,2,2,4
10-09 12:59:23,0,3,1,4
10-09 13:04:27,0,4,0,4
10-09 13:15:38,1,3,0,4
10-09 13:23:46,0,4,0,4
10-09 13:57:15,1,3,0,4
10-09 14:17:34,1,2,1,4
10-09 14:23:39,1,3,0,4
10-09 14:27:43,2,2,0,4
10-09 14:31:47,1,3,0,4
10-09 14:43:58,0,4,0,4
10-09 14:44:59,0,3,1,4
10-09 14:51:06,0,4,0,4
10-09 14:52:07,1,3,0,4
10-09 14:57:12,0,4,0,4
10-09 15:38:52,0,3,1,4
10-09 15:39:53,1,3,0,4
10-09 15:49:02,0,4,0,4
10-09 16:17:28,1,3,0,4
10-09 17:25:37,0,3,1,4
10-09 17:26:38,0,4,0,4
10-09 18:03:10,0,3,1,4
10-09 18:09:15,0,4,0,4
10-09 18:10:16,1,3,0,4
10-09 18:12:18,0,4,0,4
10-09 18:17:22,1,3,0,4
10-09 18:20:24,0,4,0,4
10-09 18:21:25,1,3,0,4
10-09 18:24:28,0,4,0,4
10-09 20:28:22,0,3,1,4
10-09 20:33:26,0,4,0,4
10-09 20:34:27,1,3,0,4
10-09 20:36:29,0,4,0,4
10-09 20:39:32,1,3,0,4
10-09 20:54:46,2,2,0,4
10-09 21:06:58,1,3,0,4
10-09 21:17:06,2,2,0,4
10-09 21:26:15,1,3,0,4
10-09 21:36:24,0,4,0,4
